﻿[{"domain":null,"method":"GET|HEAD","uri":"\/","name":null,"action":"Closure","middleware":["web"]},{"domain":null,"method":"GET|HEAD","uri":"confirm-password","name":"password.confirm","action":"App\\Http\\Controllers\\Auth\\ConfirmablePasswordController@show","middleware":["web","auth"]},{"domain":null,"method":"POST","uri":"confirm-password","name":null,"action":"App\\Http\\Controllers\\Auth\\ConfirmablePasswordController@store","middleware":["web","auth"]},{"domain":null,"method":"GET|HEAD","uri":"dashboard","name":"dashboard","action":"Closure","middleware":["web","auth","verified"]},{"domain":null,"method":"POST","uri":"email\/verification-notification","name":"verification.send","action":"App\\Http\\Controllers\\Auth\\EmailVerificationNotificationController@store","middleware":["web","auth","throttle:6,1"]},{"domain":null,"method":"GET|HEAD","uri":"forgot-password","name":"password.request","action":"App\\Http\\Controllers\\Auth\\PasswordResetLinkController@create","middleware":["web","guest"]},{"domain":null,"method":"POST","uri":"forgot-password","name":"password.email","action":"App\\Http\\Controllers\\Auth\\PasswordResetLinkController@store","middleware":["web","guest"]},{"domain":null,"method":"GET|HEAD","uri":"login","name":"login","action":"App\\Http\\Controllers\\Auth\\AuthenticatedSessionController@create","middleware":["web","guest"]},{"domain":null,"method":"POST","uri":"login","name":null,"action":"App\\Http\\Controllers\\Auth\\AuthenticatedSessionController@store","middleware":["web","guest"]},{"domain":null,"method":"POST","uri":"logout","name":"logout","action":"App\\Http\\Controllers\\Auth\\AuthenticatedSessionController@destroy","middleware":["web","auth"]},{"domain":null,"method":"GET|HEAD","uri":"maintenance-types","name":"maintenance-types.index","action":"App\\Http\\Controllers\\MaintenanceTypeController@index","middleware":["web","auth"]},{"domain":null,"method":"POST","uri":"maintenance-types","name":"maintenance-types.store","action":"App\\Http\\Controllers\\MaintenanceTypeController@store","middleware":["web","auth"]},{"domain":null,"method":"GET|HEAD","uri":"maintenance-types\/create","name":"maintenance-types.create","action":"App\\Http\\Controllers\\MaintenanceTypeController@create","middleware":["web","auth"]},{"domain":null,"method":"GET|HEAD","uri":"maintenance-types\/{maintenance_type}","name":"maintenance-types.show","action":"App\\Http\\Controllers\\MaintenanceTypeController@show","middleware":["web","auth"]},{"domain":null,"method":"PUT|PATCH","uri":"maintenance-types\/{maintenance_type}","name":"maintenance-types.update","action":"App\\Http\\Controllers\\MaintenanceTypeController@update","middleware":["web","auth"]},{"domain":null,"method":"DELETE","uri":"maintenance-types\/{maintenance_type}","name":"maintenance-types.destroy","action":"App\\Http\\Controllers\\MaintenanceTypeController@destroy","middleware":["web","auth"]},{"domain":null,"method":"GET|HEAD","uri":"maintenance-types\/{maintenance_type}\/edit","name":"maintenance-types.edit","action":"App\\Http\\Controllers\\MaintenanceTypeController@edit","middleware":["web","auth"]},{"domain":null,"method":"GET|HEAD","uri":"maintenances","name":"maintenances.index","action":"App\\Http\\Controllers\\MaintenanceController@index","middleware":["web","auth"]},{"domain":null,"method":"POST","uri":"maintenances","name":"maintenances.store","action":"App\\Http\\Controllers\\MaintenanceController@store","middleware":["web","auth"]},{"domain":null,"method":"GET|HEAD","uri":"maintenances\/create","name":"maintenances.create","action":"App\\Http\\Controllers\\MaintenanceController@create","middleware":["web","auth"]},{"domain":null,"method":"GET|HEAD","uri":"maintenances\/{maintenance}","name":"maintenances.show","action":"App\\Http\\Controllers\\MaintenanceController@show","middleware":["web","auth"]},{"domain":null,"method":"PUT|PATCH","uri":"maintenances\/{maintenance}","name":"maintenances.update","action":"App\\Http\\Controllers\\MaintenanceController@update","middleware":["web","auth"]},{"domain":null,"method":"DELETE","uri":"maintenances\/{maintenance}","name":"maintenances.destroy","action":"App\\Http\\Controllers\\MaintenanceController@destroy","middleware":["web","auth"]},{"domain":null,"method":"GET|HEAD","uri":"maintenances\/{maintenance}\/edit","name":"maintenances.edit","action":"App\\Http\\Controllers\\MaintenanceController@edit","middleware":["web","auth"]},{"domain":null,"method":"PUT","uri":"password","name":"password.update","action":"App\\Http\\Controllers\\Auth\\PasswordController@update","middleware":["web","auth"]},{"domain":null,"method":"GET|HEAD","uri":"profile","name":"profile.edit","action":"App\\Http\\Controllers\\ProfileController@edit","middleware":["web","auth"]},{"domain":null,"method":"PATCH","uri":"profile","name":"profile.update","action":"App\\Http\\Controllers\\ProfileController@update","middleware":["web","auth"]},{"domain":null,"method":"DELETE","uri":"profile","name":"profile.destroy","action":"App\\Http\\Controllers\\ProfileController@destroy","middleware":["web","auth"]},{"domain":null,"method":"GET|HEAD","uri":"register","name":"register","action":"App\\Http\\Controllers\\Auth\\RegisteredUserController@create","middleware":["web","guest"]},{"domain":null,"method":"POST","uri":"register","name":null,"action":"App\\Http\\Controllers\\Auth\\RegisteredUserController@store","middleware":["web","guest"]},{"domain":null,"method":"POST","uri":"reset-password","name":"password.store","action":"App\\Http\\Controllers\\Auth\\NewPasswordController@store","middleware":["web","guest"]},{"domain":null,"method":"GET|HEAD","uri":"reset-password\/{token}","name":"password.reset","action":"App\\Http\\Controllers\\Auth\\NewPasswordController@create","middleware":["web","guest"]},{"domain":null,"method":"GET|HEAD","uri":"spare-parts","name":"spare-parts.index","action":"App\\Http\\Controllers\\SparePartController@index","middleware":["web","auth"]},{"domain":null,"method":"POST","uri":"spare-parts","name":"spare-parts.store","action":"App\\Http\\Controllers\\SparePartController@store","middleware":["web","auth"]},{"domain":null,"method":"GET|HEAD","uri":"spare-parts\/create","name":"spare-parts.create","action":"App\\Http\\Controllers\\SparePartController@create","middleware":["web","auth"]},{"domain":null,"method":"GET|HEAD","uri":"spare-parts\/{spare_part}","name":"spare-parts.show","action":"App\\Http\\Controllers\\SparePartController@show","middleware":["web","auth"]},{"domain":null,"method":"PUT|PATCH","uri":"spare-parts\/{spare_part}","name":"spare-parts.update","action":"App\\Http\\Controllers\\SparePartController@update","middleware":["web","auth"]},{"domain":null,"method":"DELETE","uri":"spare-parts\/{spare_part}","name":"spare-parts.destroy","action":"App\\Http\\Controllers\\SparePartController@destroy","middleware":["web","auth"]},{"domain":null,"method":"GET|HEAD","uri":"spare-parts\/{spare_part}\/edit","name":"spare-parts.edit","action":"App\\Http\\Controllers\\SparePartController@edit","middleware":["web","auth"]},{"domain":null,"method":"GET|HEAD","uri":"storage\/{path}","name":"storage.local","action":"Closure","middleware":[]},{"domain":null,"method":"GET|HEAD","uri":"up","name":null,"action":"Closure","middleware":[]},{"domain":null,"method":"GET|HEAD","uri":"vehicles","name":"vehicles.index","action":"App\\Http\\Controllers\\VehicleController@index","middleware":["web","auth"]},{"domain":null,"method":"POST","uri":"vehicles","name":"vehicles.store","action":"App\\Http\\Controllers\\VehicleController@store","middleware":["web","auth"]},{"domain":null,"method":"GET|HEAD","uri":"vehicles\/create","name":"vehicles.create","action":"App\\Http\\Controllers\\VehicleController@create","middleware":["web","auth"]},{"domain":null,"method":"GET|HEAD","uri":"vehicles\/{vehicle}","name":"vehicles.show","action":"App\\Http\\Controllers\\VehicleController@show","middleware":["web","auth"]},{"domain":null,"method":"PUT|PATCH","uri":"vehicles\/{vehicle}","name":"vehicles.update","action":"App\\Http\\Controllers\\VehicleController@update","middleware":["web","auth"]},{"domain":null,"method":"DELETE","uri":"vehicles\/{vehicle}","name":"vehicles.destroy","action":"App\\Http\\Controllers\\VehicleController@destroy","middleware":["web","auth"]},{"domain":null,"method":"GET|HEAD","uri":"vehicles\/{vehicle}\/edit","name":"vehicles.edit","action":"App\\Http\\Controllers\\VehicleController@edit","middleware":["web","auth"]},{"domain":null,"method":"GET|HEAD","uri":"verify-email","name":"verification.notice","action":"App\\Http\\Controllers\\Auth\\EmailVerificationPromptController","middleware":["web","auth"]},{"domain":null,"method":"GET|HEAD","uri":"verify-email\/{id}\/{hash}","name":"verification.verify","action":"App\\Http\\Controllers\\Auth\\VerifyEmailController","middleware":["web","auth","signed","throttle:6,1"]}]
